{
  "lang":"ar",
  "name":"pipeline",
  "version":"0.0.0",
  "spacy_version":">=3.0.6,<3.1.0",
  "description":"",
  "author":"",
  "email":"",
  "url":"",
  "license":"",
  "spacy_git_version":"df3444421",
  "vectors":{
    "width":0,
    "vectors":0,
    "keys":0,
    "name":null
  },
  "labels":{
    "tok2vec":[

    ],
    "parser":[
      "ROOT",
      "_",
      "acl",
      "advmod",
      "amod",
      "appos",
      "aux",
      "case",
      "cc",
      "ccomp",
      "compound",
      "conj",
      "cop",
      "dep",
      "det",
      "flat",
      "iobj",
      "mark",
      "nmod",
      "nmod:poss",
      "nsubj",
      "obj",
      "parataxis",
      "punt",
      "xcomp"
    ]
  },
  "pipeline":[
    "tok2vec",
    "parser"
  ],
  "components":[
    "tok2vec",
    "parser"
  ],
  "disabled":[

  ],
  "performance":{
    "dep_las_per_type":{
      "root":{
        "p":0.8118899734,
        "r":0.3477765108,
        "f":0.4869611495
      },
      "flat":{
        "p":0.7779369628,
        "r":0.7259358289,
        "f":0.7510373444
      },
      "punt":{
        "p":0.6763672855,
        "r":0.4646673561,
        "f":0.5508786269
      },
      "nmod":{
        "p":0.5844668118,
        "r":0.346951958,
        "f":0.4354258499
      },
      "amod":{
        "p":0.7664589998,
        "r":0.666959707,
        "f":0.7132560326
      },
      "nsubj":{
        "p":0.6866699459,
        "r":0.3297897472,
        "f":0.4455793169
      },
      "nmod:poss":{
        "p":0.6966481388,
        "r":0.5514666667,
        "f":0.6156136042
      },
      "ccomp":{
        "p":0.4753451677,
        "r":0.3125810636,
        "f":0.3771517997
      },
      "case":{
        "p":0.9454428755,
        "r":0.5248062706,
        "f":0.6749527464
      },
      "obj":{
        "p":0.5894002263,
        "r":0.2478978264,
        "f":0.3490060308
      },
      "mark":{
        "p":0.728285078,
        "r":0.4541666667,
        "f":0.5594525235
      },
      "advmod":{
        "p":0.6066089693,
        "r":0.4278579356,
        "f":0.501789782
      },
      "xcomp":{
        "p":0.5101663586,
        "r":0.2053571429,
        "f":0.2928381963
      },
      "iobj":{
        "p":0.322,
        "r":0.1735849057,
        "f":0.2255691769
      },
      "compound":{
        "p":0.7391304348,
        "r":0.5604395604,
        "f":0.6375
      },
      "cc":{
        "p":0.8088642659,
        "r":0.0588353818,
        "f":0.1096919609
      },
      "cop":{
        "p":0.5709090909,
        "r":0.3096646943,
        "f":0.4015345269
      },
      "conj":{
        "p":0.3776223776,
        "r":0.0415704388,
        "f":0.0748959778
      },
      "acl":{
        "p":0.4197080292,
        "r":0.1472471191,
        "f":0.2180094787
      },
      "aux":{
        "p":0.8026315789,
        "r":0.1262939959,
        "f":0.2182468694
      },
      "det":{
        "p":0.9612756264,
        "r":0.7743119266,
        "f":0.8577235772
      },
      "appos":{
        "p":0.6744186047,
        "r":0.3694267516,
        "f":0.4773662551
      },
      "dep":{
        "p":0.5528455285,
        "r":0.2035928144,
        "f":0.2975929978
      },
      "parataxis":{
        "p":0.8194444444,
        "r":0.0889894419,
        "f":0.1605442177
      },
      "_":{
        "p":0.44,
        "r":0.0718954248,
        "f":0.1235955056
      },
      "discourse":{
        "p":0.0,
        "r":0.0,
        "f":0.0
      }
    },
    "sents_p":0.9939370974,
    "sents_r":0.9969593311,
    "dep_uas":0.4769222183,
    "dep_las":0.4200091751,
    "sents_f":0.9954459203,
    "tok2vec_loss":101899.6323023659,
    "parser_loss":45548.0251646298
  }
}