{
  "lang":"en",
  "name":"pipeline",
  "version":"0.0.0",
  "spacy_version":">=3.0.6,<3.1.0",
  "description":"",
  "author":"",
  "email":"",
  "url":"",
  "license":"",
  "spacy_git_version":"df3444421",
  "vectors":{
    "width":0,
    "vectors":0,
    "keys":0,
    "name":null
  },
  "labels":{
    "tok2vec":[

    ],
    "parser":[
      "ROOT",
      "acl",
      "acl:relcl",
      "advcl",
      "advmod",
      "amod",
      "appos",
      "aux",
      "aux:pass",
      "case",
      "cc",
      "cc:preconj",
      "ccomp",
      "compound",
      "compound:prt",
      "conj",
      "cop",
      "csubj",
      "dep",
      "det",
      "det:predet",
      "discourse",
      "expl",
      "fixed",
      "flat",
      "goeswith",
      "iobj",
      "list",
      "mark",
      "nmod",
      "nmod:npmod",
      "nmod:poss",
      "nmod:tmod",
      "nsubj",
      "nsubj:pass",
      "nummod",
      "obj",
      "obl",
      "obl:npmod",
      "obl:tmod",
      "parataxis",
      "punct",
      "vocative",
      "xcomp"
    ]
  },
  "pipeline":[
    "tok2vec",
    "parser"
  ],
  "components":[
    "tok2vec",
    "parser"
  ],
  "disabled":[

  ],
  "performance":{
    "dep_las_per_type":{
      "case":{
        "p":0.8756756757,
        "r":0.8830525273,
        "f":0.8793486306
      },
      "det":{
        "p":0.9310154525,
        "r":0.9228665208,
        "f":0.9269230769
      },
      "obl":{
        "p":0.6476449275,
        "r":0.6894889103,
        "f":0.6679121906
      },
      "root":{
        "p":0.8552036199,
        "r":0.8500749625,
        "f":0.8526315789
      },
      "nsubj":{
        "p":0.8422141749,
        "r":0.8185017597,
        "f":0.8301886792
      },
      "obj":{
        "p":0.781972265,
        "r":0.822528363,
        "f":0.8017377567
      },
      "flat":{
        "p":0.6367924528,
        "r":0.6367924528,
        "f":0.6367924528
      },
      "nummod":{
        "p":0.8228346457,
        "r":0.7712177122,
        "f":0.7961904762
      },
      "mark":{
        "p":0.8731155779,
        "r":0.8527607362,
        "f":0.8628181254
      },
      "advcl":{
        "p":0.5305039788,
        "r":0.5479452055,
        "f":0.539083558
      },
      "amod":{
        "p":0.7688292319,
        "r":0.7711293942,
        "f":0.7699775952
      },
      "nmod":{
        "p":0.67375,
        "r":0.6637931034,
        "f":0.6687344913
      },
      "compound":{
        "p":0.6477987421,
        "r":0.6518987342,
        "f":0.6498422713
      },
      "acl":{
        "p":0.4879518072,
        "r":0.4879518072,
        "f":0.4879518072
      },
      "xcomp":{
        "p":0.7417582418,
        "r":0.7277628032,
        "f":0.7346938776
      },
      "advmod":{
        "p":0.776,
        "r":0.75604053,
        "f":0.7658902487
      },
      "iobj":{
        "p":0.8823529412,
        "r":0.652173913,
        "f":0.75
      },
      "nsubj:pass":{
        "p":0.7226277372,
        "r":0.6428571429,
        "f":0.6804123711
      },
      "aux":{
        "p":0.9140518417,
        "r":0.8885941645,
        "f":0.9011432414
      },
      "aux:pass":{
        "p":0.8145695364,
        "r":0.7735849057,
        "f":0.7935483871
      },
      "obl:tmod":{
        "p":0.5531914894,
        "r":0.3939393939,
        "f":0.4601769912
      },
      "cc":{
        "p":0.8593548387,
        "r":0.845177665,
        "f":0.8522072937
      },
      "conj":{
        "p":0.6082251082,
        "r":0.6088840737,
        "f":0.6085544126
      },
      "det:predet":{
        "p":0.68,
        "r":0.8095238095,
        "f":0.7391304348
      },
      "cop":{
        "p":0.8102310231,
        "r":0.8265993266,
        "f":0.8183333333
      },
      "nmod:poss":{
        "p":0.8873994638,
        "r":0.8552971576,
        "f":0.8710526316
      },
      "ccomp":{
        "p":0.5657894737,
        "r":0.5682819383,
        "f":0.567032967
      },
      "parataxis":{
        "p":0.3571428571,
        "r":0.2916666667,
        "f":0.3211009174
      },
      "expl":{
        "p":0.9253731343,
        "r":0.7126436782,
        "f":0.8051948052
      },
      "flat:foreign":{
        "p":0.0,
        "r":0.0,
        "f":0.0
      },
      "csubj":{
        "p":0.3333333333,
        "r":0.3,
        "f":0.3157894737
      },
      "fixed":{
        "p":0.9583333333,
        "r":0.7796610169,
        "f":0.8598130841
      },
      "acl:relcl":{
        "p":0.6069651741,
        "r":0.5327510917,
        "f":0.5674418605
      },
      "appos":{
        "p":0.3232323232,
        "r":0.367816092,
        "f":0.3440860215
      },
      "compound:prt":{
        "p":0.6197183099,
        "r":0.5945945946,
        "f":0.6068965517
      },
      "nmod:tmod":{
        "p":0.75,
        "r":0.65625,
        "f":0.7
      },
      "obl:npmod":{
        "p":0.5185185185,
        "r":0.2978723404,
        "f":0.3783783784
      },
      "nmod:npmod":{
        "p":0.3333333333,
        "r":0.3333333333,
        "f":0.3333333333
      },
      "dep":{
        "p":0.0,
        "r":0.0,
        "f":0.0
      },
      "cc:preconj":{
        "p":0.8,
        "r":0.8571428571,
        "f":0.8275862069
      },
      "reparandum":{
        "p":0.0,
        "r":0.0,
        "f":0.0
      },
      "discourse":{
        "p":0.7906976744,
        "r":0.5528455285,
        "f":0.6507177033
      },
      "vocative":{
        "p":0.3684210526,
        "r":0.3333333333,
        "f":0.35
      },
      "goeswith":{
        "p":0.4444444444,
        "r":0.1212121212,
        "f":0.1904761905
      },
      "list":{
        "p":0.4,
        "r":0.16,
        "f":0.2285714286
      },
      "orphan":{
        "p":0.0,
        "r":0.0,
        "f":0.0
      }
    },
    "sents_p":0.997005988,
    "sents_r":0.9985007496,
    "dep_uas":0.8221460513,
    "dep_las":0.770427839,
    "sents_f":0.997752809,
    "tok2vec_loss":61593.7887861252,
    "parser_loss":13714.3540239758
  }
}