{
  "lang":"ar",
  "name":"pipeline",
  "version":"0.0.0",
  "spacy_version":">=3.0.6,<3.1.0",
  "description":"",
  "author":"",
  "email":"",
  "url":"",
  "license":"",
  "spacy_git_version":"df3444421",
  "vectors":{
    "width":0,
    "vectors":0,
    "keys":0,
    "name":null
  },
  "labels":{
    "tok2vec":[

    ],
    "parser":[
      "ROOT",
      "_",
      "acl",
      "advmod",
      "amod",
      "appos",
      "aux",
      "case",
      "cc",
      "ccomp",
      "compound",
      "conj",
      "cop",
      "dep",
      "det",
      "flat",
      "iobj",
      "mark",
      "nmod",
      "nmod:poss",
      "nsubj",
      "obj",
      "parataxis",
      "punt",
      "xcomp"
    ]
  },
  "pipeline":[
    "tok2vec",
    "parser"
  ],
  "components":[
    "tok2vec",
    "parser"
  ],
  "disabled":[

  ],
  "performance":{
    "dep_las_per_type":{
      "root":{
        "p":0.8188405797,
        "r":0.343595591,
        "f":0.4840696118
      },
      "flat":{
        "p":0.7934131737,
        "r":0.7085561497,
        "f":0.7485875706
      },
      "punt":{
        "p":0.6834421161,
        "r":0.4571986671,
        "f":0.5478829604
      },
      "nmod":{
        "p":0.5772809512,
        "r":0.3606782398,
        "f":0.443969587
      },
      "amod":{
        "p":0.781993791,
        "r":0.6643223443,
        "f":0.7183712271
      },
      "nsubj":{
        "p":0.6865375062,
        "r":0.3264824002,
        "f":0.4425232149
      },
      "nmod:poss":{
        "p":0.6920634921,
        "r":0.5522666667,
        "f":0.6143121987
      },
      "ccomp":{
        "p":0.4974619289,
        "r":0.2965845223,
        "f":0.3716143012
      },
      "case":{
        "p":0.9491634492,
        "r":0.5255188385,
        "f":0.676489136
      },
      "obj":{
        "p":0.5943683409,
        "r":0.2478184991,
        "f":0.3497928563
      },
      "mark":{
        "p":0.742211838,
        "r":0.4412037037,
        "f":0.5534262485
      },
      "advmod":{
        "p":0.6013363029,
        "r":0.4495005549,
        "f":0.5144490314
      },
      "xcomp":{
        "p":0.4779050736,
        "r":0.2172619048,
        "f":0.2987212276
      },
      "iobj":{
        "p":0.3539140022,
        "r":0.1730458221,
        "f":0.2324402607
      },
      "compound":{
        "p":0.7450980392,
        "r":0.8351648352,
        "f":0.7875647668
      },
      "cc":{
        "p":0.8151260504,
        "r":0.0586338908,
        "f":0.1093984962
      },
      "cop":{
        "p":0.5503355705,
        "r":0.3234714004,
        "f":0.4074534161
      },
      "conj":{
        "p":0.3962264151,
        "r":0.0484988453,
        "f":0.0864197531
      },
      "acl":{
        "p":0.4566037736,
        "r":0.1549295775,
        "f":0.2313575526
      },
      "aux":{
        "p":0.8026315789,
        "r":0.1262939959,
        "f":0.2182468694
      },
      "det":{
        "p":0.9719626168,
        "r":0.7633027523,
        "f":0.8550873587
      },
      "appos":{
        "p":0.6951219512,
        "r":0.3630573248,
        "f":0.4769874477
      },
      "parataxis":{
        "p":0.7948717949,
        "r":0.0935143288,
        "f":0.1673414305
      },
      "dep":{
        "p":0.57,
        "r":0.1706586826,
        "f":0.2626728111
      },
      "_":{
        "p":0.4888888889,
        "r":0.0718954248,
        "f":0.1253561254
      },
      "discourse":{
        "p":0.0,
        "r":0.0,
        "f":0.0
      }
    },
    "sents_p":0.9992401216,
    "sents_r":0.9996199164,
    "dep_uas":0.4783509246,
    "dep_las":0.4208829565,
    "sents_f":0.9994299829,
    "tok2vec_loss":86961.2772388982,
    "parser_loss":49586.9763050284
  }
}