{
  "lang":"en",
  "name":"pipeline",
  "version":"0.0.0",
  "spacy_version":">=3.0.6,<3.1.0",
  "description":"",
  "author":"",
  "email":"",
  "url":"",
  "license":"",
  "spacy_git_version":"df3444421",
  "vectors":{
    "width":0,
    "vectors":0,
    "keys":0,
    "name":null
  },
  "labels":{
    "tok2vec":[

    ],
    "parser":[
      "ROOT",
      "acl",
      "acl:relcl",
      "advcl",
      "advmod",
      "amod",
      "appos",
      "aux",
      "aux:pass",
      "case",
      "cc",
      "cc:preconj",
      "ccomp",
      "compound",
      "compound:prt",
      "conj",
      "cop",
      "csubj",
      "dep",
      "det",
      "det:predet",
      "discourse",
      "expl",
      "fixed",
      "flat",
      "goeswith",
      "iobj",
      "list",
      "mark",
      "nmod",
      "nmod:npmod",
      "nmod:poss",
      "nmod:tmod",
      "nsubj",
      "nsubj:pass",
      "nummod",
      "obj",
      "obl",
      "obl:npmod",
      "obl:tmod",
      "parataxis",
      "punct",
      "vocative",
      "xcomp"
    ]
  },
  "pipeline":[
    "tok2vec",
    "parser"
  ],
  "components":[
    "tok2vec",
    "parser"
  ],
  "disabled":[

  ],
  "performance":{
    "dep_las_per_type":{
      "case":{
        "p":0.8801184016,
        "r":0.8840436075,
        "f":0.8820766378
      },
      "det":{
        "p":0.9275599129,
        "r":0.931619256,
        "f":0.9295851528
      },
      "obl":{
        "p":0.7001044932,
        "r":0.6460945034,
        "f":0.6720160481
      },
      "root":{
        "p":0.8597285068,
        "r":0.8545727136,
        "f":0.8571428571
      },
      "nsubj":{
        "p":0.8536836682,
        "r":0.8330819507,
        "f":0.8432569975
      },
      "obj":{
        "p":0.7659090909,
        "r":0.819286872,
        "f":0.7916992952
      },
      "flat":{
        "p":0.7011494253,
        "r":0.5754716981,
        "f":0.6321243523
      },
      "nummod":{
        "p":0.813229572,
        "r":0.7712177122,
        "f":0.7916666667
      },
      "mark":{
        "p":0.8720787208,
        "r":0.8699386503,
        "f":0.871007371
      },
      "advcl":{
        "p":0.5238095238,
        "r":0.5424657534,
        "f":0.532974428
      },
      "amod":{
        "p":0.7803425168,
        "r":0.7838444278,
        "f":0.7820895522
      },
      "nmod":{
        "p":0.626519337,
        "r":0.6982758621,
        "f":0.6604542807
      },
      "compound":{
        "p":0.6102803738,
        "r":0.6888185654,
        "f":0.6471754212
      },
      "acl":{
        "p":0.5526315789,
        "r":0.5060240964,
        "f":0.5283018868
      },
      "advmod":{
        "p":0.7765182186,
        "r":0.7474668745,
        "f":0.7617156473
      },
      "nsubj:pass":{
        "p":0.7070063694,
        "r":0.7207792208,
        "f":0.7138263666
      },
      "aux":{
        "p":0.9259259259,
        "r":0.8952254642,
        "f":0.9103169252
      },
      "aux:pass":{
        "p":0.6994818653,
        "r":0.8490566038,
        "f":0.7670454545
      },
      "obl:tmod":{
        "p":0.5833333333,
        "r":0.4242424242,
        "f":0.4912280702
      },
      "cc":{
        "p":0.8656330749,
        "r":0.8502538071,
        "f":0.8578745198
      },
      "conj":{
        "p":0.6627906977,
        "r":0.6175514626,
        "f":0.6393718452
      },
      "det:predet":{
        "p":0.6428571429,
        "r":0.8571428571,
        "f":0.7346938776
      },
      "cop":{
        "p":0.8496503497,
        "r":0.8181818182,
        "f":0.833619211
      },
      "obl:npmod":{
        "p":0.5238095238,
        "r":0.2340425532,
        "f":0.3235294118
      },
      "nmod:poss":{
        "p":0.912,
        "r":0.8837209302,
        "f":0.8976377953
      },
      "ccomp":{
        "p":0.6274509804,
        "r":0.563876652,
        "f":0.5939675174
      },
      "parataxis":{
        "p":0.3623188406,
        "r":0.3125,
        "f":0.3355704698
      },
      "expl":{
        "p":0.9054054054,
        "r":0.7701149425,
        "f":0.8322981366
      },
      "xcomp":{
        "p":0.7583333333,
        "r":0.7358490566,
        "f":0.7469220246
      },
      "flat:foreign":{
        "p":0.0,
        "r":0.0,
        "f":0.0
      },
      "acl:relcl":{
        "p":0.6595744681,
        "r":0.5414847162,
        "f":0.5947242206
      },
      "csubj":{
        "p":0.4054054054,
        "r":0.375,
        "f":0.3896103896
      },
      "fixed":{
        "p":0.8363636364,
        "r":0.7796610169,
        "f":0.8070175439
      },
      "appos":{
        "p":0.3575757576,
        "r":0.3390804598,
        "f":0.3480825959
      },
      "compound:prt":{
        "p":0.6849315068,
        "r":0.6756756757,
        "f":0.6802721088
      },
      "iobj":{
        "p":0.8,
        "r":0.6086956522,
        "f":0.6913580247
      },
      "nmod:tmod":{
        "p":0.6285714286,
        "r":0.6875,
        "f":0.6567164179
      },
      "dep":{
        "p":0.0,
        "r":0.0,
        "f":0.0
      },
      "cc:preconj":{
        "p":0.9090909091,
        "r":0.7142857143,
        "f":0.8
      },
      "reparandum":{
        "p":0.0,
        "r":0.0,
        "f":0.0
      },
      "vocative":{
        "p":0.4615384615,
        "r":0.2857142857,
        "f":0.3529411765
      },
      "nmod:npmod":{
        "p":0.4285714286,
        "r":0.3333333333,
        "f":0.375
      },
      "discourse":{
        "p":0.7674418605,
        "r":0.5365853659,
        "f":0.6315789474
      },
      "goeswith":{
        "p":0.625,
        "r":0.1515151515,
        "f":0.243902439
      },
      "list":{
        "p":0.3953488372,
        "r":0.2266666667,
        "f":0.2881355932
      },
      "orphan":{
        "p":0.0,
        "r":0.0,
        "f":0.0
      }
    },
    "sents_p":0.9980029955,
    "sents_r":0.9990004998,
    "dep_uas":0.8271652561,
    "dep_las":0.7768276363,
    "sents_f":0.9985014985,
    "tok2vec_loss":58835.5648395183,
    "parser_loss":16576.6564003178
  }
}